Month,Date,type,category,details,cost
Aug-24,1,fare/load,occasional,get bdo card,500
Aug-24,1,food,basic,french baker (tita ida); avocado lover,280
Aug-24,1,misc,occasional,tweezer,169
Aug-24,2,misc,occasional,Trash can,100
Aug-24,2,travel/leisure,self-care,Spotify,149
Aug-24,3,church,basic,donation,100
Aug-24,3,emergency,savings,"Allerta, norgesic+pao+sebo de macho",531.25
Aug-24,3,fare/load,occasional,load from gcash - 2 php conv fee,101
Aug-24,3,misc,occasional,eye hydration 1/3,700
Aug-24,3,misc,occasional,keyboard cover,131.96
Aug-24,4,fare/load,occasional,Withdraw fee: maya card bdo,18
Aug-24,4,food,basic,dinner,200
Aug-24,4,food,basic,Breadtalk,155
Aug-24,4,travel/leisure,self-care,"swimming pool fee, fare",790
Aug-24,7,fare/load,occasional,pamasahe office training,381
Aug-24,7,food,basic,"mcdo, walnut bread, water, jammin jamaica",383
Aug-24,10,fare/load,occasional,grab to and from fitting,125.5
Aug-24,10,food,basic,Camote chips,420
Aug-24,10,savings,savings,savings,-2600
Aug-24,10,travel/leisure,self-care,"fitting, swimming lesson session 4",1093
Aug-24,11,church,basic,"Donation, sampaguita",150
Aug-24,15,fare/load,occasional,fund trans bdo to maya,25
Aug-24,15,food,basic,chowking,929
Aug-24,17,fare/load,occasional,grab - tita ida to jollibee vicas,490
Aug-24,17,fare/load,occasional,load,101
Aug-24,17,food,basic,jollibee,356.81
Aug-24,17,food,basic,shake - tita ida,90
Aug-24,17,travel/leisure,self-care,swimming practice,498
Aug-24,18,church,basic,donation + sapaguita,150
Aug-24,18,food,basic,ice,28
Aug-24,18,travel/leisure,self-care,airfare (roundtrip) 1/5 bahay huni / boracay,820.392
Aug-24,21,electricity,basic,electricity,3118.92
Aug-24,23,emergency,savings,swim sunblock +pau + sebo de macho,449
Aug-24,23,food,basic,sandwich guy + after tree,360
Aug-24,24,food,basic,Quickly paotsin,270
Aug-24,25,church,basic,donation + sampaguita,190
Aug-24,25,emergency,savings,visit to tita Ida (mama grab + food),1410
Aug-24,25,fare/load,occasional,load - extension plus new subs,120
Aug-24,25,food,basic,Tita Ida. Food,427.75
Aug-24,25,travel/leisure,self-care,fare + pool fee,886
Aug-24,26,fare/load,occasional,Tita Ida to bahay,108
Aug-24,26,food,basic,butterboy (strawberry latte & spinach),260
Aug-24,27,food,basic,mcdonalds breakfast @ vicas,99
Aug-24,30,fare/load,occasional,fund trans bdo to seabank,25
Aug-24,30,fare/load,occasional,grab - mama to gsis,131
Aug-24,30,misc,occasional,swim skort,566.72
Aug-24,30,tuition/allowance,aira,"tuition yr 2, sem1/3",7850
Sep-24,1,church,basic,donation and sampaguita,150
Sep-24,1,fare/load,occasional,negative from August,124
Sep-24,1,food,basic,jasmine tea,130
Sep-24,1,food,basic,french baker - cashback subtracted,180
Sep-24,1,food,basic,nuts,1577
Sep-24,1,misc,occasional,eye hydration 2/3,800
Sep-24,1,misc,occasional,eye hydration 3/3,231
Sep-24,1,travel/leisure,self-care,airfare (roundtrip) 2/5 bahay huni / boracay,820.392
Sep-24,1,tuition/allowance,aira,"tuition yr 2, sem1/3",6115
Sep-24,4,fare/load,occasional,100 Load,105
Sep-24,5,emergency,savings,checkup and muscle sprain meds,1330
Sep-24,5,fare/load,occasional,550 Load,561
Sep-24,5,fare/load,occasional,manggahan to VMB,30
Sep-24,6,food,basic,"SM grocery (yoghurt, lettuce, hotcake, baking powder, axion cleanser)",442.95
Sep-24,6,misc,occasional,nuts container + zonrox,427.75
Sep-24,8,church,basic,donation + sampaguita,150
Sep-24,8,fare/load,occasional,fare from tita ida to bahay,113
Sep-24,8,food,basic,palengke,560
Sep-24,8,food,basic,kumori+24 chicken,620
Sep-24,8,misc,occasional,Pegasus 41,3162
Sep-24,8,travel/leisure,self-care,Pegasus 41,3500
Sep-24,10,savings,savings,savings,-2600
Sep-24,13,fare/load,occasional,Fare to and from kpmg,244
Sep-24,13,food,basic,"Mad cafe, 1 L water",415
Sep-24,14,fare/load,occasional,grab - bahay to tita ida,417
Sep-24,14,fare/load,occasional,tita ida to bahay grab,526
Sep-24,14,food,basic,"pan daily, nestle cream",600
Sep-24,15,church,basic,donation,200
Sep-24,15,emergency,savings,EO eyeglass - cashback subtracted,2197
Sep-24,15,emergency,savings,biogesic (20) / kremil-s (10) / decolgen non drowse (12) - cashback subtracted,278.16
Sep-24,15,food,basic,lettuce / mustard / milk / greek yohurt - cashback subtracted,636.31
Sep-24,18,fare/load,occasional,bahay to tita ida grab,402
Sep-24,18,fare/load,occasional,tita bing (katipunan to tita ida) grab,364
Sep-24,19,emergency,savings,flowers for tita ida wake - mamimiss ko tita!,6750
Sep-24,19,fare/load,occasional,tita ida to east ave 1/2 grab,154.98
Sep-24,19,fare/load,occasional,tita ida to east ave 2/2 grab,144.02
Sep-24,19,fare/load,occasional,chowking heart center to bahay grab,602
Sep-24,19,fare/load,occasional,7 days,97.02
Sep-24,19,fare/load,occasional,east ave to tita ida house,76
Sep-24,19,food,basic,chowking lunch,586
Sep-24,19,food,basic,chowking dinner,261
Sep-24,21,electricity,basic,kwh,3712.49
Sep-24,21,emergency,savings,Coffee set for tita Ida's wake,400.55
Sep-24,21,food,basic,"Honey, lettuce",426.75
Sep-24,22,church,basic,"pamisa, donation, sampaguita",200
Sep-24,23,food,basic,"Cucumber, honeydew",49.56
Sep-24,25,emergency,savings,grab - st peter to bahay : mama,502
Sep-24,25,food,basic,watermelon,24.48
Sep-24,25,food,basic,honeydew,24.99
Sep-24,26,fare/load,occasional,load 129,127.71
Sep-24,26,food,basic,coffee,7.4
Sep-24,26,travel/leisure,self-care,coffee,122.6
Sep-24,27,food,basic,lettuce,45
Sep-24,28,food,basic,lettuce,30
Sep-24,28,misc,occasional,haircut downpayment,500
Sep-24,28,stray care,self-care,Tsumi - vet,1000
Sep-24,28,travel/leisure,self-care,rob antipolo,758.76
Sep-24,29,church,basic,"donation, sampaguita",150
Sep-24,29,fare/load,occasional,grab smf to bahay,252
Sep-24,29,misc,occasional,rice water eye cream,1046.5
Sep-24,29,travel/leisure,self-care,mcdonalds + pamasahe from tipolo to smf,282.64
Sep-24,29,travel/leisure,self-care,brow lounge,338.98
Sep-24,30,tuition/allowance,aira,baon,1700
Oct-24,1,food,basic,tuna / cucumber / tomato bottle / one whole chicken / olive oil,985.66
Oct-24,1,misc,occasional,eye hydration 3/3 resid,70.02
Oct-24,1,skin station,self-care,lower leg diode (7 sessions),9200
Oct-24,1,travel/leisure,self-care,airfare (roundtrip) 3/5 bahay huni / boracay,820.392
Oct-24,1,tuition/allowance,aira,baon,1700
Oct-24,1,tuition/allowance,aira,"tuition yr 2, sem1/3",6115
Oct-24,2,water,basic,water bills from August - given to papa,3900
Oct-24,5,emergency,savings,bactroban,399.75
Oct-24,5,misc,occasional,Dr. Belmeur + transaction fee for pag ibig payment,964.11
Oct-24,5,misc,occasional,hand wash,189
Oct-24,6,church,basic,sampaguita + donation + donation,250
Oct-24,10,misc,occasional,A bonne salt,227.4
Oct-24,10,misc,occasional,Yoga band and yoga blocks,264.1
Oct-24,10,misc,occasional,sevich,168.2
Oct-24,10,savings,savings,savings,-2600
Oct-24,10,skin station,self-care,exogen,4800
Oct-24,11,food,basic,french baker sourdough,190
Oct-24,11,food,basic,piatos + yelo + condensed,104
Oct-24,12,misc,occasional,Exercise aids,241.43
Oct-24,12,misc,occasional,Hair accessories for wedding,661.47
Oct-24,13,church,basic,sampaguita + donation + donation,250
Oct-24,13,emergency,savings,"co-aleva, caladryl",541.25
Oct-24,13,food,basic,breadtalk loaf,180
Oct-24,13,food,basic,"bon chon, after 3 (maggy, aira)",1000
Oct-24,13,misc,occasional,"dr kauffman, conditioner, pau, alcohol",355
Oct-24,13,travel/leisure,self-care,"after 3, sandwich guy",300
Oct-24,18,electricity,basic,LAUNDRY,600
Oct-24,18,emergency,savings,"Cetirizine, bed bug checkup",570
Oct-24,18,food,basic,food,350
Oct-24,19,occasions,occasional,(ANT) Roselene's bridal shower,3200
Oct-24,19,occasions,occasional,(ANT) Roselene's bridal shower - gift,212.03
Oct-24,19,travel/leisure,self-care,women's run,1516.5
Oct-24,22,food,basic,Breadtalk,180
Oct-24,22,misc,occasional,"Watsons- cetaphyl, caladryl, tinted su screen for scars",980
Oct-24,22,misc,occasional,Nails,1550
Oct-24,22,misc,occasional,All tips,343
Oct-24,22,misc,occasional,Nbs,98
Oct-24,22,misc,occasional,Nature republic sunblock,675.87
Oct-24,22,misc,occasional,Waterpf case bavin,240.42
Oct-24,22,occasions,occasional,(ANT) Roselene's wedding cash gift,1000
Oct-24,23,electricity,basic,223 kwh,"2,728.03"
Oct-24,25,chargeable to unexpected funds,,bahay huni / boracay,11716.66667
Oct-24,25,misc,occasional,Hair treatment - cuts and curls,3675
Oct-24,25,travel/leisure,self-care,excess boracay expense,2644.23
Oct-24,27,church,basic,"tryk, church donation, candle",150
Oct-24,29,fare/load,occasional,40 days ni tita iDA,417
Oct-24,29,fare/load,occasional,LOAD,111
Oct-24,30,occasions,occasional,Mary Grace bday gift,500
Nov-24,1,electricity,basic,"laundry (no downy, soap, fare expsense)",390
Nov-24,1,food,basic,subway: 6in and latte,260
Nov-24,1,misc,occasional,"decathlon: aqua shoes, running socks",940
Nov-24,1,occasions,occasional,Chilli's birthday treat,3000
Nov-24,1,occasions,occasional,Chilli's birthday treat,680.68
Nov-24,1,travel/leisure,self-care,airfare (roundtrip) 5/5 bahay huni / boracay,820.392
Nov-24,1,travel/leisure,self-care,airfare (roundtrip) 4/5 bahay huni / boracay,820.392
Nov-24,1,tuition/allowance,aira,"tuition yr 2, sem1/3",2770
Nov-24,2,food,basic,"tomato sauce, cucumber, pomelo, lettuce",289.04
Nov-24,2,misc,occasional,hair treatment,577.28
Nov-24,2,occasions,occasional,Mama - handa,1695
Nov-24,3,church,basic,donation + sampaguita,250
Nov-24,3,food,basic,egg,255
Nov-24,3,water,basic,bills,1300
Nov-24,4,travel/leisure,self-care,Boracay airfare (back & forth) - Air Asia,1054.33
Nov-24,7,occasions,occasional,Birthday lunch,1474
Nov-24,8,food,basic,breadtalk,288
Nov-24,8,misc,occasional,"CGM, deo (zenutrients)",1195.65
Nov-24,8,misc,occasional,weighing scale,578.97
Nov-24,8,misc,occasional,detergent,405
Nov-24,8,misc,occasional,conzace * 10,139.5
Nov-24,8,misc,occasional,2025 planner,149
Nov-24,10,church,basic,"mass, donation, sampaguita",250
Nov-24,10,electricity,basic,kwh,3489.3
Nov-24,10,food,basic,"bread, lettuce, cucumber, tomato bottle",623.8
Nov-24,10,savings,savings,savings,-2600
Nov-24,11,misc,occasional,nails for jen wedding,85.84
Nov-24,11,occasions,occasional,Aira birthday gift,551.69
Nov-24,11,tuition/allowance,aira,Aira baon,1570
Nov-24,11,tuition/allowance,aira,Aira baon - laundry contribution,160
Nov-24,12,emergency,savings,bed bug allergic reaction,3458.25
Nov-24,12,occasions,occasional,down: Christmas gifts for everyone,400
Nov-24,12,occasions,occasional,balance: Christmas gifts for everyone,519
Nov-24,15,electricity,basic,Laundry 14 days,390
Nov-24,15,fare/load,occasional,load,100
Nov-24,16,fare/load,occasional,tipolo to bahay,248
Nov-24,16,food,basic,"rob antipolo liberty wings, empanada, lumpia",922
Nov-24,16,occasions,occasional,aira cake,780
Nov-24,16,savings,savings,lawn for dead body,132000
Nov-24,17,church,basic,church donation,300
Nov-24,17,food,basic,anchor protein,165.82
Nov-24,17,misc,occasional,uniqlo top,1180
Nov-24,21,chargeable to unexpected funds,,13th month pay,34759.48
Nov-24,21,occasions,occasional,13th month pay christmas gift to papa - geared shorts - uniqlo,-1290
Nov-24,21,church,basic,13th month pay to Church donation,-255.25
Nov-24,21,electricity,basic,13th month pay to electric bills,-500
Nov-24,21,food,basic,13th month pay,-2250
Nov-24,21,learning,self-care,13th month pay to learning funds,-900
Nov-24,21,misc,occasional,13th month pay,-11362.39
Nov-24,21,occasions,occasional,13th month pay,-9001.84
Nov-24,21,parental support,savings,13th month pay to parental support,-4000
Nov-24,21,savings,savings,13th month pay - 10% to savings,-3500
Nov-24,21,travel/leisure,self-care,13th month pay to leisure funds,-900
Nov-24,21,water,basic,13th month pay to water bills,-300
Nov-24,21,occasions,occasional,13th month pay christmas gift to papa - geared shorts - uniqlo,1290
Nov-24,22,fare/load,occasional,extend 7 days of 99,50
Nov-24,22,food,basic,breadtalk 2 loaves,358.92
Nov-24,22,misc,occasional,christmas party bini,530.6
Nov-24,23,occasions,occasional,Tita Eva's 60th - gift,625.44
Nov-24,24,chargeable to unexpected funds,,Misc,1299
Nov-24,24,emergency,savings,Phone lcd,2668
Nov-24,24,emergency,savings,mama checkup,560
Nov-24,24,fare/load,occasional,Sm north,178
Nov-24,24,food,basic,Salad stop and butter boy,454.67
Nov-24,24,misc,occasional,Pen and correction tape,94
Nov-24,27,church,basic,donation and pamisa,150
Nov-24,27,emergency,savings,Gaviscon,68.29
Nov-24,27,fare/load,occasional,Cassie Miran,186
Nov-24,27,food,basic,"water, ADOBO flakes",206.26
Nov-24,27,food,basic,Breadtalk,271.18
Nov-24,27,learning,self-care,loa,160
Nov-24,27,parental support,savings,parental ayuda,2000
Nov-24,28,misc,occasional,earphones,1035
Nov-24,30,fare/load,occasional,Load,247.5
Nov-24,30,food,basic,Puto bumbong,50
Nov-24,30,parental support,savings,Grab: bahay to antipolo,1297
Nov-24,1,fare/load,occasional,joyride,376
Dec-24,1,electricity,basic,Laundry,340
Dec-24,1,emergency,savings,Eo glasses 2,1997
Dec-24,1,food,basic,711 coffee,100
Dec-24,1,food,basic,Saba,44
Dec-24,1,misc,occasional,Headband,71.1
Dec-24,1,misc,occasional,Smac card,200
Dec-24,1,savings,savings,savings,-2600
Dec-24,2,fare/load,occasional,house to & from mdr,271
Dec-24,2,food,basic,day 1 breakfast (one ayala yah yun),319.04
Dec-24,3,fare/load,occasional,house to & from mdr,211
Dec-24,3,food,basic,day 2 breakfast (jco donuts),303.39
Dec-24,3,misc,occasional,phone case,256
Dec-24,4,fare/load,occasional,house to & from mdr,188
Dec-24,4,food,basic,day 3 breakfast (jco bun & capuccino),159.52
Dec-24,6,fare/load,occasional,house to & from mdr,201
Dec-24,6,food,basic,"day 4 breakfast (subway, water)",300
Dec-24,6,food,basic,mcdonalds 6-pc chicken,540.37
Dec-24,6,food,basic,vegies (squash & pinakbet),238
Dec-24,6,food,basic,process feelings tea,130
Dec-24,6,food,basic,sweet potato noodles x4,342
Dec-24,6,misc,occasional,uniqlo pants & shirt,1582
Dec-24,6,parental support,savings,grab fare from unionbank to smf and smf to bahay,496
Dec-24,8,church,basic,donation,250
Dec-24,9,fare/load,occasional,house to & from mdr,201
Dec-24,9,food,basic,day 5 breakfast,355
Dec-24,9,food,basic,ulam,250
Dec-24,9,occasions,occasional,jen wedding dress,279.16
Dec-24,9,travel/leisure,self-care,spotify,149
Dec-24,9,tuition/allowance,aira,December - baon,250
Dec-24,10,chargeable to unexpected funds,,UNEXPECTED Christmas Bonus,8000
Dec-24,10,fare/load,occasional,Bohol grab buffer,-2500
Dec-24,10,food,basic,Buffer for food,-1000
Dec-24,11,food,basic,Kenny Rogers lunch,-1386
Dec-24,11,misc,occasional,"Shades, eyebrow",-1835
Dec-24,11,misc,occasional,Eye shadow,-398
Dec-24,21,misc,occasional,mac protector,-594.33
Dec-24,30,misc,occasional,skin 1004 ampoule,-250.54
Dec-24,11,food,basic,Kenny Rogers lunch,1386
Dec-24,11,misc,occasional,"Shades, eyebrow",1835
Dec-24,11,misc,occasional,Eye shadow,398
Dec-24,11,food,basic,Breadtalk,216.35
Dec-24,11,food,basic,Fruitas,128.61
Dec-24,11,food,basic,Pocor,126.62
Dec-24,13,fare/load,occasional,Grab from home to Terminal 2,963
Dec-24,13,food,basic,"Cafe France, Cafe Singapura",573.27
Dec-24,14,misc,occasional,Bag (laptop),1619.19
Dec-24,21,misc,occasional,mac protector,594.33
Dec-24,25,chargeable to unexpected funds,,Raffle prize,20000
Dec-24,29,travel/leisure,self-care,The Click 5,-11300
Dec-24,29,travel/leisure,self-care,The Click 5,11300
Dec-24,25,parental support,savings,Mama Papa Christmas Gift,-5000
Dec-24,25,parental support,savings,Mama Papa Christmas Gift,5000
Dec-24,15,occasions,occasional,necklace + earrings - Bohol gift,300
Dec-24,21,misc,occasional,socks,386.1
Dec-24,15,fare/load,occasional,Grab from terminal 2 to bahay + load extension,1113
Dec-24,15,food,basic,"tablea, chocolates",750
Dec-24,15,food,basic,Ocean view + water,921.17
Dec-24,15,travel/leisure,self-care,G-RUN + food + fare,1280
Dec-24,16,tuition/allowance,aira,"tuition yr 2, sem2/3",23549
Dec-24,17,occasions,occasional,Christmas gift to Em G-RUN,830
Dec-24,19,food,basic,pares,803.07
Dec-24,20,electricity,basic,261 KWH,3310.72
Dec-24,21,fare/load,occasional,grab to sm,303
Dec-24,21,fare/load,occasional,grab from sm,420
Dec-24,21,fare/load,occasional,load,97
Dec-24,21,food,basic,"pho hoa, water fr walk",768.71
Dec-24,21,food,basic,coffee bean,635
Dec-24,21,misc,occasional,huawei watch strap,244.62
Dec-24,22,church,basic,donation + sampaguita,250
Dec-24,22,emergency,savings,check up + meds + vitamins,866
Dec-24,22,fare/load,occasional,water,20
Dec-24,22,fare/load,occasional,tryk to church,55
Dec-24,22,misc,occasional,tissue,10
Dec-24,23,water,basic,water,1000
Dec-24,24,occasions,occasional,Christmas,1505.99
Dec-24,24,parental support,savings,mama - Christmas gift,1500
Dec-24,24,parental support,savings,papa - Christmas gift,1500
Dec-24,25,church,basic,"donation, calendar, sampaguita",385
Dec-24,28,misc,occasional,bacne,360.47
Dec-24,29,occasions,occasional,dress,277.2
Dec-24,29,food,basic,"after tree, bread talk",432
Dec-24,29,church,basic,"donation, sampaguita",190
Dec-24,29,travel/leisure,self-care,"after tree, shawarma, sandwich guy, pocor, green bones",952
Dec-24,29,fare/load,occasional,load extension,50
Dec-24,30,misc,occasional,rosemary for hair,437.57
Dec-24,30,occasions,occasional,New Year,800
Dec-24,31,misc,occasional,Ampoule,250.54
,,,,,
,,,,,
,,,,,
,,,,,
,,,,,
,,,,,
,,,,,
,,,,,
,,,,,
,,,,,
,,,,,
,,,,,
,,,,,
,,,,,
,,,,,
,,,,,
,,,,,
,,,,,
,,,,,
,,,,,
,,,,,
,,,,,
,,,,,
,,,,,
,,,,,
,,,,,
,,,,,
,,,,,
,,,,,
,,,,,
,,,,,
,,,,,
,,,,,
,,,,,
,,,,,
,,,,,
,,,,,
,,,,,
,,,,,
,,,,,
,,,,,
,,,,,
,,,,,
,,,,,
,,,,,
,,,,,
,,,,,
,,,,,
,,,,,
,,,,,
,,,,,
,,,,,
,,,,,
,,,,,
,,,,,
,,,,,
,,,,,
,,,,,
,,,,,
,,,,,
,,,,,
,,,,,
,,,,,
,,,,,
,,,,,
,,,,,
,,,,,
,,,,,
,,,,,
,,,,,
,,,,,
,,,,,
,,,,,
,,,,,
,,,,,
,,,,,
,,,,,
,,,,,
,,,,,
,,,,,
,,,,,
,,,,,
,,,,,
,,,,,
,,,,,
,,,,,
,,,,,
,,,,,
,,,,,
,,,,,
,,,,,
,,,,,
,,,,,
,,,,,
,,,,,
,,,,,
,,,,,
,,,,,
,,,,,
,,,,,
,,,,,
,,,,,
,,,,,
,,,,,
,,,,,
,,,,,
,,,,,
,,,,,
,,,,,
,,,,,
,,,,,
,,,,,
,,,,,
,,,,,
,,,,,
,,,,,
,,,,,
,,,,,
,,,,,
,,,,,
,,,,,
,,,,,
,,,,,
,,,,,
,,,,,
,,,,,
,,,,,
,,,,,
,,,,,
,,,,,
,,,,,
,,,,,
,,,,,
,,,,,
,,,,,
,,,,,
,,,,,
,,,,,
,,,,,
,,,,,
,,,,,
,,,,,
,,,,,
,,,,,
,,,,,
,,,,,
,,,,,
,,,,,
,,,,,
,,,,,
,,,,,
,,,,,
,,,,,
,,,,,
,,,,,
,,,,,
,,,,,
,,,,,
,,,,,
,,,,,
,,,,,
,,,,,
,,,,,
,,,,,
,,,,,
,,,,,
,,,,,
,,,,,
,,,,,
,,,,,
,,,,,
,,,,,
,,,,,
,,,,,
,,,,,
,,,,,
,,,,,
,,,,,
,,,,,
,,,,,
,,,,,
,,,,,
,,,,,
,,,,,
,,,,,
,,,,,
,,,,,
,,,,,
,,,,,
,,,,,
,,,,,
,,,,,
,,,,,
,,,,,
,,,,,
,,,,,
,,,,,
,,,,,
,,,,,
,,,,,
,,,,,
,,,,,
,,,,,
,,,,,
,,,,,
,,,,,
,,,,,
,,,,,
,,,,,
,,,,,
,,,,,
,,,,,
,,,,,
,,,,,
,,,,,
,,,,,
,,,,,
,,,,,
,,,,,
,,,,,
,,,,,
,,,,,
,,,,,
,,,,,
,,,,,
,,,,,
,,,,,
,,,,,
,,,,,
,,,,,
,,,,,
,,,,,
,,,,,
,,,,,
,,,,,
,,,,,
,,,,,
,,,,,
,,,,,
,,,,,
,,,,,
,,,,,
,,,,,
,,,,,
,,,,,
,,,,,
,,,,,
,,,,,
,,,,,
,,,,,
,,,,,
,,,,,
,,,,,
,,,,,
,,,,,
,,,,,
,,,,,
,,,,,
,,,,,
,,,,,
,,,,,
,,,,,
,,,,,
,,,,,
,,,,,
,,,,,
,,,,,
,,,,,
,,,,,
,,,,,
,,,,,
,,,,,
,,,,,
,,,,,
,,,,,
,,,,,
,,,,,
,,,,,
,,,,,
,,,,,
,,,,,
,,,,,
,,,,,
,,,,,
,,,,,
,,,,,
,,,,,
,,,,,
,,,,,
,,,,,
,,,,,
,,,,,
,,,,,
,,,,,
,,,,,
,,,,,
,,,,,
,,,,,
,,,,,
,,,,,
,,,,,
,,,,,
,,,,,
,,,,,
,,,,,
,,,,,
,,,,,
,,,,,
,,,,,
,,,,,
,,,,,
,,,,,
,,,,,
,,,,,
,,,,,
,,,,,
,,,,,
,,,,,
,,,,,
,,,,,
,,,,,
,,,,,
,,,,,
,,,,,
,,,,,
,,,,,
,,,,,
,,,,,
,,,,,
,,,,,
,,,,,
,,,,,
,,,,,
,,,,,
,,,,,
,,,,,
,,,,,
,,,,,
,,,,,
,,,,,
,,,,,
,,,,,
,,,,,
,,,,,
,,,,,
,,,,,
,,,,,
,,,,,
,,,,,
,,,,,
,,,,,
,,,,,
,,,,,
,,,,,
,,,,,
,,,,,
,,,,,
,,,,,
,,,,,
,,,,,
,,,,,
,,,,,
,,,,,
,,,,,
,,,,,
,,,,,
,,,,,
,,,,,
,,,,,
,,,,,
,,,,,
,,,,,
,,,,,
,,,,,
,,,,,
,,,,,
,,,,,
,,,,,
,,,,,
,,,,,
,,,,,
,,,,,
,,,,,
,,,,,
,,,,,
,,,,,
,,,,,
,,,,,
,,,,,
,,,,,
,,,,,
,,,,,
,,,,,
,,,,,
,,,,,
,,,,,
,,,,,
,,,,,
,,,,,
,,,,,
,,,,,
,,,,,
,,,,,
,,,,,
,,,,,
,,,,,
,,,,,
,,,,,
,,,,,
,,,,,
,,,,,
,,,,,
,,,,,
,,,,,
,,,,,
,,,,,
,,,,,
,,,,,
,,,,,
,,,,,
,,,,,
,,,,,
,,,,,
,,,,,
,,,,,
,,,,,
,,,,,
,,,,,
,,,,,
,,,,,
,,,,,
,,,,,
,,,,,
,,,,,
,,,,,
,,,,,
,,,,,
,,,,,
,,,,,
,,,,,
,,,,,
,,,,,
,,,,,
,,,,,
,,,,,
,,,,,
,,,,,
,,,,,
,,,,,
,,,,,
,,,,,
,,,,,
,,,,,
,,,,,
,,,,,
,,,,,
,,,,,
,,,,,
,,,,,
,,,,,
,,,,,
,,,,,
,,,,,
,,,,,
,,,,,
,,,,,
,,,,,
,,,,,
,,,,,
,,,,,
,,,,,
,,,,,
,,,,,
,,,,,
,,,,,
,,,,,
,,,,,
,,,,,
,,,,,
,,,,,
,,,,,
,,,,,
,,,,,
,,,,,
,,,,,
,,,,,
,,,,,
,,,,,
,,,,,
,,,,,
,,,,,
,,,,,
,,,,,
,,,,,
,,,,,
,,,,,
,,,,,
,,,,,
,,,,,
,,,,,
,,,,,
,,,,,
,,,,,
,,,,,
,,,,,
